week_start,day,pai,mc_at_start,next_monday_mc,required_sorties,planned_go1,planned_go2,planned_go3,planned_go4,spares,flown_go1,flown_go2,flown_go3,flown_go4,breaks,aborts,fixed_8h,fixed_12h,fixed_24h
2025-01-06,Mon,18,13,9,36,6,2,0,0,2,6,2,0,0,1,1,1,1,1
2025-01-06,Tue,,,,,7,4,0,0,2,7,4,0,0,2,1,2,2,2
2025-01-06,Wed,,,,,6,4,0,0,2,6,4,0,0,4,1,3,3,3
2025-01-06,Thu,,,,,5,1,0,0,1,5,1,0,0,0,0,0,0,0
2025-01-06,Fri,,,,,5,1,0,0,1,5,1,0,0,1,0,1,1,1
2025-01-13,Mon,18,13,9,36,5,4,0,0,1,5,4,0,0,1,0,0,0,1
2025-01-13,Tue,,,,,6,3,0,0,2,6,3,0,0,1,1,1,1,1
2025-01-13,Wed,,,,,4,3,0,0,1,4,1,0,0,5,1,1,2,4
2025-01-13,Thu,,,,,4,1,0,0,1,4,1,0,0,3,0,0,2,2
2025-01-13,Fri,,,,,3,1,0,0,1,3,1,0,0,1,0,0,1,1
